{
  "name": "root",
  "total": 642.9950177000001,
  "count": 1,
  "self": 642.9950177000001
}