{
  "name": "root",
  "total": 1045.3282941,
  "count": 1,
  "self": 1045.3282941
}